Job Title,Skills Required,Education Required,Additional Training Required,Certifications Required,Knowledge Required,Abilities Required,Experience Required,Job Trend,Education/Training,Also Known As
Change & Deployment,Project management; Business analysis; Technical skills related to system implementation and integration; Strong communication and interpersonal skills,bachelor’s or master’s degree in organizational psychology or related field,Additional training in employment law and organizational behavior,Certification in Project Management (e.g. PMP PRINCE2),In-depth knowledge of business processes and operations; Understanding of change management principles and practices; Familiarity with project management methodologies and tools (e.g. Agile Scrum); Awareness of industry-specific regulations and standards,Ability to lead and manage cross-functional teams; Ability to support and drive development projects to completion; Ability to handle and resolve technical issues and challenges; Ability to adapt to changing environments and requirements,5-7 years of experience in change management project management or related roles,Increasing demand for change management professionals as organizations undergo digital transformation and restructuring.,"Pursue a degree in Business Administration or Management. Obtain certification in Project Management (e.g., PMP, PRINCE2) and additional certifications in change management (e.g., Prosci). Gain experience in managing cross-functional teams and leading change initiatives.",Change Manager; Deployment Specialist
"Diversity, Equity & Inclusion",Designing and implementing diversity and inclusion programs; Patient care; Equipment handling for accessibility and accommodations; Providing employment support and resources,Bachelor’s or Master’s degree in Organizational Psychology or related field,Additional training in cultural competency and sensitivity,Certification in Diversity Management or equivalent,Deep knowledge of diversity and inclusion principles and best practices; Understanding of employment laws and regulations related to diversity and inclusion; Awareness of cultural competencies and sensitivity training; Familiarity with organizational development and human resources practices,Ability to manage and lead diverse teams effectively; Ability to implement and sustain inclusive practices and policies; Ability to conduct training and workshops on diversity and inclusion; Ability to handle sensitive situations with empathy and professionalism,3-5 years of experience in diversity and inclusion roles,"Growing focus on diversity, equity, and inclusion initiatives in organizations, leading to higher demand for specialists.",Earn a degree in Human Resources or Sociology. Obtain certification in Diversity Management and additional training in cultural competency and sensitivity. Gain experience in designing and implementing diversity and inclusion programs.,DEI Specialist; Diversity Officer
Global Talent,Client support and relationship management; Employee engagement and retention strategies; Managing global teams; Cross-cultural communication; Global mobility and expatriate management,Phd in organizational psychology or related field,Additional training in employment law and organizational behavior,Certification in Global Talent Management (e.g. GPHR),Comprehensive knowledge of global talent management strategies; Understanding of cultural differences and global business practices; Awareness of international labor laws and regulations; Familiarity with global recruitment and staffing processes,Ability to handle global recruitment and staffing efficiently; Ability to foster and maintain a global corporate culture; Ability to navigate and manage international assignments and relocations; Ability to collaborate with diverse teams across different time zones,5-7 years of experience in talent management or related roles,Rising need for global talent management due to increased globalization and remote work trends.,"Pursue a degree in International Business or Human Resources. Obtain certification in Global Talent Management (e.g., GPHR) and additional certifications in international HR practices. Gain experience in managing global teams and employee engagement strategies.",Global HR Manager; International Talent Manager
HR Analytics,Data analysis; Business acumen; Strategic thinking; Proficiency in HR analytics software; Reporting and presentation skills,Master’s degree in Data Science Human Resources or related field,Additional training in data science and statistical analysis,Certification in HR Analytics or equivalent,Advanced knowledge of data analysis techniques and tools; Understanding of HR metrics and key performance indicators; Familiarity with HR analytics software and systems; Awareness of data privacy and security regulations,Ability to analyze and interpret complex data sets; Ability to communicate data findings clearly and effectively; Ability to develop and implement data-driven HR strategies; Ability to maintain data integrity and confidentiality,3-5 years of experience in HR analytics or related roles,High demand for HR analytics experts as companies focus on data-driven decision making.,Earn a degree in Data Science or Human Resources. Obtain certification in HR Analytics and additional training in data science and statistical analysis. Gain experience in data analysis and HR metrics.,HR Data Analyst; People Analytics Specialist
HR Operations,Employee management; Relationship-building; HR services and administration; Information management; Strong organizational and multitasking skills,phd in organizational psychology or related field,Additional training in labor laws and regulations,Certification in HR operations or equivalent,In-depth knowledge of HR operations and administration; Understanding of labor laws and regulations; Familiarity with HRIS (Human Resources Information Systems) and payroll systems; Awareness of best practices in HR service delivery,Ability to manage and oversee HR operations and services; Ability to build and maintain positive employee relations; Ability to ensure compliance with labor laws and regulations; Ability to handle multiple tasks and priorities effectively,3-5 years of experience in HR operations or related roles,Steady demand for HR operations roles to manage employee relations and administrative functions.,Pursue a degree in Human Resources or Business Administration. Obtain certification in HR operations and additional training in labor laws and regulations. Gain experience in managing HR services and employee relations.,HR Coordinator; Employee Relations Manager
Human Capital,Management; Leadership; Team collaboration; Data analysis; Workforce planning; Strong communication and negotiation skills,Bachelor’s or Master’s degree in Organizational Psychology or related field,Additional training in employment law and organizational behavior,Certification in Human Capital Management or equivalent,Comprehensive knowledge of human capital management strategies; Understanding of talent management and succession planning; Familiarity with workforce planning methodologies; Awareness of organizational behavior and development principles,Ability to lead and manage human capital initiatives; Ability to collaborate with cross-functional teams; Ability to develop and implement talent management strategies; Ability to analyze and interpret HR metrics and data,5-7 years of experience in human capital management or related roles,Increased emphasis on human capital management to enhance employee engagement and retention.,Earn a degree in Human Resources or Business Administration. Obtain certification in Human Capital Management and additional training in workforce planning and talent management. Gain experience in human capital initiatives and HR metrics.,Talent Manager; Workforce Planning Specialist
Human Resources,Employee relations; Conflict resolution; Recruiting; Talent acquisition; Benefits administration; Compensation management; Strong organizational and time management skills,Bachelor’s or Master’s degree in Human Resources Business Administration or related field,Additional training in employment law and organizational behavior,HR certification (e.g. PHR SHRM-CP),In-depth knowledge of employment law and HR best practices; Understanding of talent acquisition and retention strategies; Familiarity with compensation and benefits administration; Awareness of employee relations and conflict resolution techniques,Ability to handle employee relations and conflict resolution; Ability to manage talent acquisition and retention processes; Ability to administer compensation and benefits programs; Ability to communicate effectively with employees at all levels,3-5 years of experience in human resources or related roles,"Consistent demand for HR professionals to handle recruitment, employee relations, and compliance.","Pursue a degree in Human Resources or Business Administration. Obtain HR certification (e.g., PHR, SHRM-CP) and additional training in employment law and organizational behavior. Gain experience in employee relations and talent acquisition.",HR Generalist; Human Resources Specialist
Leadership Consulting,Consulting; Advisory; Leadership development; Coaching; Strategic planning; Problem-solving; Strong communication and presentation skills,Bachelor’s or Master’s degree in Organizational Psychology or related field,Additional training in coaching and executive development,Certification in Leadership Consulting or equivalent,Advanced knowledge of leadership development and coaching principles; Understanding of organizational behavior and dynamics; Familiarity with assessment and feedback tools; Awareness of best practices in executive development,Ability to provide leadership and guidance to executives; Ability to design and implement leadership development programs; Ability to assess and provide feedback on leadership performance; Ability to facilitate executive coaching sessions,5-7 years of experience in leadership consulting or related roles,Growing need for leadership consulting to develop effective leaders in organizations.,Earn a degree in Organizational Psychology or Business Administration. Obtain certification in Leadership Consulting and additional training in coaching and executive development. Gain experience in leadership development and strategic planning.,Executive Coach; Leadership Advisor
Leadership Development,Training and development; Coaching and mentoring; Program design; Curriculum development; Strong facilitation and communication skills,Bachelor’s or Master’s degree in Organizational Psychology or related field,Additional training in coaching and program design,Certification in Leadership Development or equivalent,Comprehensive knowledge of training and development methodologies; Understanding of adult learning principles and instructional design; Familiarity with e-learning platforms and tools; Awareness of best practices in talent development,Ability to design and deliver effective training programs; Ability to coach and mentor employees; Ability to assess training needs and evaluate program effectiveness; Ability to develop and implement learning solutions,3-5 years of experience in leadership development or related roles,High demand for leadership development programs to build future organizational leaders.,Pursue a degree in Education or Organizational Psychology. Obtain certification in Leadership Development and additional training in coaching and program design. Gain experience in training and development programs.,Leadership Trainer; Development Consultant
Learning & Development,Instructional design; Curriculum development; Training delivery; Facilitation; Needs assessment; Gap analysis; Strong communication and presentation skills,Bachelor’s or Master’s degree in Organizational Psychology or related field,Additional training in instructional design and e-learning,Certification in Learning and Development or equivalent,In-depth knowledge of instructional design and training delivery methods; Understanding of learning needs assessment and gap analysis; Familiarity with training evaluation and ROI measurement; Awareness of best practices in corporate training,Ability to design and deliver instructional materials; Ability to conduct needs assessments and gap analyses; Ability to evaluate training programs and measure ROI; Ability to facilitate training sessions and workshops,3-5 years of experience in learning and development or related roles,Increasing importance of learning and development to upskill employees in a rapidly changing work environment.,Earn a degree in Education or Organizational Psychology. Obtain certification in Learning and Development and additional training in instructional design and e-learning. Gain experience in training delivery and curriculum development.,L&D Specialist; Training Manager
Organizational Change,Change management; Communication; Stakeholder management; Problem-solving; Critical thinking; Strong project management skills,Bachelor’s or Master’s degree in Organizational Psychology or related field,Additional training in organizational behavior and project management,Certification in Change Management (e.g. Prosci),Advanced knowledge of change management frameworks and methodologies; Understanding of stakeholder management and communication strategies; Familiarity with organizational behavior and culture change; Awareness of best practices in change implementation,Ability to manage and implement change initiatives; Ability to communicate effectively with stakeholders; Ability to identify and address resistance to change; Ability to develop and execute change management plans,5-7 years of experience in organizational change or related roles,Rising demand for organizational change experts to manage transformations and change initiatives.,"Pursue a degree in Organizational Psychology or Business Administration. Obtain certification in Change Management (e.g., Prosci) and additional training in organizational behavior and project management. Gain experience in managing change initiatives.",Change Consultant; Organizational Change Advisor
Organizational Development,Organizational assessment; Intervention design; Implementation; Facilitation; Coaching; Strong communication and collaboration skills,Bachelor’s or Master’s degree in Organizational Psychology or related field,Additional training in assessment and intervention techniques,Certification in Organizational Development or equivalent,Comprehensive knowledge of organizational assessment and intervention techniques; Understanding of group dynamics and team development; Familiarity with coaching and facilitation methods; Awareness of best practices in organizational development,Ability to assess and diagnose organizational issues; Ability to design and implement effective interventions; Ability to facilitate group processes and team development; Ability to provide coaching and support to individuals and teams,3-5 years of experience in organizational development or related roles,Steady demand for organizational development specialists to improve organizational effectiveness.,Earn a degree in Organizational Psychology or Business Administration. Obtain certification in Organizational Development and additional training in assessment and intervention techniques. Gain experience in organizational assessment and facilitation.,OD Specialist; Organizational Development Consultant
Organizational Effectiveness,Strategy development; Implementation; Performance measurement; Evaluation; Process improvement; Optimization; Strong analytical and problem-solving skills,Bachelor’s or Master’s degree in Organizational Psychology or related field,Additional training in performance management and process improvement,Certification in Organizational Effectiveness or equivalent,In-depth knowledge of performance management and process improvement; Understanding of organizational behavior and effectiveness strategies; Familiarity with metrics and measurement tools; Awareness of best practices in organizational optimization,Ability to develop and implement performance management systems; Ability to analyze and improve organizational processes; Ability to measure and evaluate organizational effectiveness; Ability to provide recommendations for process improvements,5-7 years of experience in organizational effectiveness or related roles,High demand for organizational effectiveness roles to enhance business performance and processes.,Pursue a degree in Organizational Psychology or Business Administration. Obtain certification in Organizational Effectiveness and additional training in performance management and process improvement. Gain experience in performance measurement and process optimization.,OE Manager; Organizational Effectiveness Consultant
People Analytics,Data analysis; Business acumen; Strategic thinking; Proficiency in HR analytics software; Strong reporting and presentation skills,Master’s degree in Data Science Human Resources or related field,Additional training in data science and statistical analysis,Certification in HR Analytics or equivalent,Advanced knowledge of data analysis and HR metrics; Understanding of business strategy and acumen; Familiarity with HR analytics tools and systems; Awareness of data privacy and security regulations,Ability to analyze and interpret HR data and metrics; Ability to communicate data findings clearly and effectively; Ability to develop and implement HR analytics strategies; Ability to maintain data integrity and confidentiality,3-5 years of experience in people analytics or related roles,Increasing reliance on people analytics to drive strategic HR decisions and improve workforce outcomes.,Earn a degree in Data Science or Human Resources. Obtain certification in HR Analytics and additional training in data science and statistical analysis. Gain experience in data analysis and reporting.,People Analyst; HR Data Scientist
People Insight,Data analysis; Visualization; Survey design; Administration; Reporting; Strong communication and interpersonal skills,Master’s degree in Data Science Human Resources or related field,Additional training in survey design and data analysis,Certification in Employee Engagement or equivalent,Comprehensive knowledge of employee engagement theories and practices; Understanding of survey design and administration; Familiarity with data analysis and reporting techniques; Awareness of best practices in employee feedback and improvement,Ability to design and administer employee engagement surveys; Ability to analyze survey data and provide actionable insights; Ability to develop and implement employee engagement initiatives; Ability to communicate effectively with employees at all levels,3-5 years of experience in people insight or related roles,Growing importance of people insight roles to understand employee engagement and improve workplace culture.,Pursue a degree in Organizational Psychology or Human Resources. Obtain certification in Employee Engagement and additional training in survey design and data analysis. Gain experience in employee engagement initiatives.,Employee Insight Specialist; Workforce Insight Analyst
People Operations,Employee management; Relationship-building; HR services and administration; Information management; Strong organizational and multitasking skills,Phd in organizational psychology or related field,Additional training in labor laws and regulations,Certification in HR operations or equivalent,In-depth knowledge of HR operations and service delivery; Understanding of labor laws and regulations; Familiarity with HRIS and payroll systems; Awareness of best practices in HR administration,Ability to manage HR operations and services effectively; Ability to build and maintain positive employee relations; Ability to ensure compliance with labor laws and regulations; Ability to handle multiple tasks and priorities effectively,3-5 years of experience in people operations or related roles,Steady demand for people operations professionals to manage HR services and improve employee experience.,Earn a degree in Human Resources or Business Administration. Obtain certification in HR operations and additional training in labor laws and regulations. Gain experience in managing HR services and employee relations.,HR Operations Manager; People Operations Specialist
People Research,Data analysis; Survey design; Administration; Research design; Implementation; Strong communication and presentation skills,Master’s degree in Data Science Human Resources or related field,Additional training in data analysis and survey design,Certification in Research Methodologies or equivalent,Advanced knowledge of research methodologies and data analysis; Understanding of survey design and implementation; Familiarity with statistical analysis software and tools; Awareness of best practices in HR research and reporting,Ability to design and conduct HR research studies; Ability to analyze and interpret research data; Ability to communicate research findings clearly and effectively; Ability to provide recommendations for HR practices and policies,3-5 years of experience in people research or related roles,Increasing need for people research roles to provide data-driven insights for HR practices.,Pursue a degree in Organizational Psychology or Human Resources. Obtain certification in Research Methodologies and additional training in data analysis and survey design. Gain experience in HR research and data analysis.,HR Researcher; People Research Analyst
People Science,Data analysis; Research design; Implementation; Statistical analysis; Data modeling; Strong communication and presentation skills,Phd in organizational psychology or related field,Additional training in research methodologies and data analysis,Certification in Applied Psychology or equivalent,Comprehensive knowledge of applied psychology and research methods; Understanding of organizational behavior and dynamics; Familiarity with assessment and measurement tools; Awareness of best practices in psychological research and application,Ability to apply psychological principles to organizational issues; Ability to conduct assessments and provide feedback; Ability to design and implement interventions; Ability to communicate effectively with stakeholders,3-5 years of experience in people science or related roles,Rising demand for people science experts to apply psychological principles to workplace issues.,Earn a degree in Psychology or Organizational Psychology. Obtain certification in Applied Psychology and additional training in research methodologies and data analysis. Gain experience in applied psychology in workplace settings.,Behavioral Scientist; Organizational Psychologist
Research & Development,Research design; Implementation; Data analysis; Reporting; Innovation and problem-solving; Strong project management and organizational skills,Phd in organizational psychology or related field,Additional training in innovation and project management,Certification in Research and Development or equivalent,In-depth knowledge of research and development processes; Understanding of innovation and product development; Familiarity with project management methodologies; Awareness of best practices in research implementation,Ability to lead and manage research and development projects; Ability to innovate and develop new products and solutions; Ability to analyze and interpret research data; Ability to communicate research findings effectively,5-7 years of experience in research and development or related roles,High demand for research and development roles to drive innovation and product development.,Pursue a degree in Research Product Development or related field. Obtain certification in Research and Development and additional training in innovation and project management. Gain experience in R&D projects and product development.,R&D Manager; Innovation Specialist
Research Analytics,Data analysis; Reporting; Research design; Implementation; Statistical analysis; Data visualization; Strong communication and presentation skills,Bachelor’s or Master’s degree in Data Science Research or related field,Additional training in statistical analysis and research design,Certification in Research Analytics or equivalent,Advanced knowledge of statistical analysis and research design; Understanding of data collection and reporting techniques; Familiarity with research analytics tools and software; Awareness of best practices in research methodology,Ability to design and conduct research studies; Ability to analyze and interpret data; Ability to communicate research findings clearly and effectively; Ability to provide recommendations based on research results,3-5 years of experience in research analytics or related roles,Increasing importance of research analytics to provide actionable insights from data.,Earn a degree in Data Science or Research. Obtain certification in Research Analytics and additional training in statistical analysis and research design. Gain experience in research analytics and data visualization.,Research Analyst; Data Scientist
Strategy & Analytics,Strategic planning; Implementation; Data analysis; Visualization; Reporting; Strong analytical and problem-solving skills,Master’s degree in Organizational Psychology or related field,Additional training in strategic planning and data analysis,Certification in Strategy and Analytics or equivalent,Comprehensive knowledge of business strategy and analytics; Understanding of data analysis and visualization; Familiarity with strategic planning tools and methods; Awareness of best practices in business optimization,Ability to develop and implement business strategies; Ability to analyze and interpret data and metrics; Ability to communicate strategy and analysis effectively; Ability to collaborate with cross-functional teams,5-7 years of experience in strategy and analytics or related roles,Growing reliance on strategy and analytics to drive business decisions and optimize performance.,Pursue a degree in Business Administration or Data Science. Obtain certification in Strategy and Analytics and additional training in strategic planning and data analysis. Gain experience in business strategy and data analytics.,Strategy Analyst; Business Analyst
Strategy Development,Strategic planning; Implementation; Data analysis; Visualization; Communication; Stakeholder management; Strong analytical and problem-solving skills,Master’s degree in Organizational Psychology or related field,Additional training in strategic planning and data analysis,Certification in Strategy Development or equivalent,In-depth knowledge of strategic planning and development; Understanding of organizational behavior and dynamics; Familiarity with data analysis and visualization tools; Awareness of best practices in strategy implementation,Ability to develop and implement strategic plans; Ability to analyze and interpret organizational data; Ability to communicate strategy and analysis effectively; Ability to collaborate with cross-functional teams,3-5 years of experience in strategy development or related roles,High demand for strategy development professionals to create and implement effective business strategies.,Earn a degree in Business Administration or Organizational Psychology. Obtain certification in Strategy Development and additional training in strategic planning and data analysis. Gain experience in strategic planning and implementation.,Strategy Consultant; Business Strategy Advisor
Talent Analytics,Data analysis; Visualization; Reporting; Proficiency in talent analytics software; Strong communication and collaboration skills,Master’s degree in Organizational Psychology or related field,Additional training in data science and statistical analysis,Certification in Talent Analytics or equivalent,Advanced knowledge of data analysis and HR metrics; Understanding of talent analytics software and systems; Familiarity with statistical analysis and reporting techniques; Awareness of data privacy and security regulations,Ability to analyze and interpret HR data and metrics; Ability to develop and implement talent analytics strategies; Ability to communicate data findings clearly and effectively; Ability to maintain data integrity and confidentiality,3-5 years of experience in talent analytics or related roles,Increasing importance of talent analytics to optimize talent management and HR processes.,Pursue a degree in Data Science or Human Resources. Obtain certification in Talent Analytics and additional training in data science and statistical analysis. Gain experience in talent analytics and HR metrics.,Talent Data Analyst; Workforce Data Scientist
Talent Development,Training and development; Coaching and mentoring; Program design; Curriculum development; Strong facilitation and communication skills,Master’s degree in Organizational Psychology or related field,Additional training in instructional design and e-learning,Certification in Talent Development or equivalent,Comprehensive knowledge of instructional design and training development; Understanding of adult learning principles and methodologies; Familiarity with training evaluation and ROI measurement; Awareness of best practices in talent development,Ability to design and deliver effective training programs; Ability to assess training needs and evaluate program effectiveness; Ability to develop and implement learning solutions; Ability to communicate effectively with employees at all levels,3-5 years of experience in talent development or related roles,Rising demand for talent development specialists to enhance employee skills and career growth.,Earn a degree in Education or Organizational Psychology. Obtain certification in Talent Development and additional training in instructional design and e-learning. Gain experience in training and development programs.,Employee Development Specialist; Learning Consultant
Talent Insights,Data analysis; Visualization; Reporting; Proficiency in talent analytics software; Strong communication and collaboration skills,Master’s degree in Organizational Psychology or related field,Additional training in data science and statistical analysis,Certification in Talent Analytics or equivalent,In-depth knowledge of data analysis and HR metrics; Understanding of talent analytics software and systems; Familiarity with statistical analysis and reporting techniques; Awareness of data privacy and security regulations,Ability to analyze and interpret HR data and metrics; Ability to develop and implement talent analytics strategies; Ability to communicate data findings clearly and effectively; Ability to maintain data integrity and confidentiality,3-5 years of experience in talent insights or related roles,Growing reliance on talent insights to make data-driven HR decisions.,Pursue a degree in Data Science or Human Resources. Obtain certification in Talent Analytics and additional training in data science and statistical analysis. Gain experience in talent analytics and HR metrics.,HR Insights Analyst; Workforce Insights Specialist
Talent Management,Employee relations; Conflict resolution; Recruiting; Talent acquisition; Performance management; Development; Strong organizational and communication skills,Phd in organizational psychology or related field,Additional training in performance management and employee development,Certification in Talent Management or equivalent,Advanced knowledge of talent management and development strategies; Understanding of performance management and succession planning; Familiarity with employee engagement and retention techniques; Awareness of best practices in talent optimization,Ability to develop and implement talent management strategies; Ability to analyze and interpret HR metrics and data; Ability to communicate effectively with employees at all levels; Ability to build and maintain positive employee relations,5-7 years of experience in talent management or related roles,Consistent demand for talent management professionals to handle performance management and employee development.,Earn a degree in Human Resources or Business Administration. Obtain certification in Talent Management and additional training in performance management and employee development. Gain experience in talent management strategies.,Talent Manager; Employee Development Manager
Talent Researcher,Data analysis; Reporting; Survey design; Administration; Research design; Implementation; Strong communication and presentation skills,Master’s degree in Organizational Psychology or related field,Additional training in data analysis and survey design,Certification in Research Methodologies or equivalent,Comprehensive knowledge of research methodologies and data analysis; Understanding of survey design and implementation; Familiarity with statistical analysis software and tools; Awareness of best practices in HR research and reporting,Ability to design and conduct HR research studies; Ability to analyze and interpret research data; Ability to communicate research findings clearly and effectively; Ability to provide recommendations for HR practices and policies,3-5 years of experience in talent research or related roles,Increasing need for talent researchers to provide insights for talent management strategies.,Pursue a degree in Organizational Psychology or Human Resources. Obtain certification in Research Methodologies and additional training in data analysis and survey design. Gain experience in HR research and data analysis.,Talent Research Analyst; HR Research Specialist
Talent Strategy & Culture,Strategy development; Implementation; Culture building; Change management; Data analysis; Visualization; Strong communication and collaboration skills,Master’s degree in Organizational Psychology or related field,Additional training in strategic planning and data analysis,Certification in Talent Management or equivalent,In-depth knowledge of talent management and strategy; Understanding of organizational behavior and culture; Familiarity with strategic planning and implementation; Awareness of best practices in talent optimization,Ability to develop and implement talent management strategies; Ability to analyze and interpret organizational data; Ability to communicate strategy and analysis effectively; Ability to collaborate with cross-functional teams,3-5 years of experience in talent strategy and culture or related roles,Growing importance of talent strategy and culture roles to build and sustain positive workplace culture.,Earn a degree in Human Resources or Organizational Psychology. Obtain certification in Talent Management and additional training in strategic planning and data analysis. Gain experience in talent management strategies.,Culture Strategist; Employee Engagement Manager
Team Development,Team collaboration; Interpersonal skills; Training and development; Management; Leadership; Strong communication and facilitation skills,Master’s degree in Organizational Psychology or related field,Additional training in instructional design and team dynamics,Certification in Team Development or equivalent,Advanced knowledge of team dynamics and development; Understanding of instructional design and training delivery; Familiarity with assessment and feedback tools; Awareness of best practices in team building and facilitation,Ability to design and deliver effective team development programs; Ability to assess team dynamics and provide feedback; Ability to facilitate team-building activities; Ability to communicate effectively with team members,3-5 years of experience in team development or related roles,High demand for team development professionals to enhance team performance and dynamics.,Pursue a degree in Human Resources or Organizational Psychology. Obtain certification in Team Development and additional training in instructional design and team dynamics. Gain experience in team development and training programs.,Team Building Consultant; Group Development Specialist
Workforce Analytics,Data analysis; Visualization; Reporting; Proficiency in workforce analytics software; Strong communication and collaboration skills,Master’s degree in Organizational Psychology or related field,Additional training in data science and statistical analysis,Certification in Workforce Analytics or equivalent,Comprehensive knowledge of data analysis and workforce metrics; Understanding of workforce planning methodologies; Familiarity with workforce analytics tools and systems; Awareness of data privacy and security regulations,Ability to analyze and interpret workforce data and metrics; Ability to develop and implement workforce analytics strategies; Ability to communicate data findings clearly and effectively; Ability to maintain data integrity and confidentiality,3-5 years of experience in workforce analytics or related roles,Increasing reliance on workforce analytics to optimize workforce planning and management.,Earn a degree in Data Science or Human Resources. Obtain certification in Workforce Analytics and additional training in data science and statistical analysis. Gain experience in workforce analytics and HR metrics.,Workforce Data Analyst; Workforce Metrics Specialist
Workforce Insights,Data analysis; Visualization; Reporting; Proficiency in workforce analytics software; Strong communication and collaboration skills,Master’s degree in Organizational Psychology or related field,Additional training in data science and statistical analysis,Certification in Workforce Insights or equivalent,In-depth knowledge of data analysis and workforce metrics; Understanding of workforce planning methodologies; Familiarity with workforce insights tools and systems; Awareness of data privacy and security regulations,Ability to analyze and interpret workforce data and metrics; Ability to develop and implement workforce insights strategies; Ability to communicate data findings clearly and effectively; Ability to maintain data integrity and confidentiality,3-5 years of experience in workforce insights or related roles,Growing importance of workforce insights to provide data-driven decision making for HR.,Pursue a degree in Business Administration or Data Science. Obtain certification in Workforce Insights and additional training in data science and statistical analysis. Gain experience in workforce insights and data analysis.,HR Insights Specialist; People Insights Analyst
Workforce Planning,Strategic planning; Implementation; Data analysis; Visualization; Reporting; Strong communication and collaboration skills,Master’s degree in Organizational Psychology or related field,Additional training in strategic planning and data analysis,Certification in Workforce Planning or equivalent,Advanced knowledge of strategic planning and workforce analytics; Understanding of data analysis and visualization; Familiarity with workforce planning tools and methods; Awareness of best practices in business optimization,Ability to develop and implement strategic workforce plans; Ability to analyze and interpret workforce data and metrics; Ability to communicate strategy and analysis effectively; Ability to collaborate with cross-functional teams,3-5 years of experience in workforce planning or related roles,High demand for workforce planning professionals to strategically manage workforce needs.,Earn a degree in Human Resources or Business Administration. Obtain certification in Workforce Planning and additional training in strategic planning and data analysis. Gain experience in workforce planning and management.,Workforce Planning Analyst; HR Planning Specialist
